arxiv_id,title,abstract
2501.00663v1,Titans: Learning to Memorize at Test Time,"Over more than a decade there has been an extensive research effort on how to effectively utilize recurrent models and attention. While recurrent models aim to compress the data into a fixed-size memory (called hidden state), attention allows attending to the entire context window, capturing the direct dependencies of all tokens. This more accurate modeling of dependencies, however, comes with a quadratic cost, limiting the model to a fixed-length context. We present a new neural long-term memory module that learns to memorize historical context and helps attention to attend to the current context while utilizing long past information. We show that this neural memory has the advantage of fast parallelizable training while maintaining a fast inference. From a memory perspective, we argue that attention due to its limited context but accurate dependency modeling performs as a short-term memory, while neural memory due to its ability to memorize the data, acts as a long-term, more persistent, memory. Based on these two modules, we introduce a new family of architectures, called Titans, and present three variants to address how one can effectively incorporate memory into this architecture. Our experimental results on language modeling, common-sense reasoning, genomics, and time series tasks show that Titans are more effective than Transformers and recent modern linear recurrent models. They further can effectively scale to larger than 2M context window size with higher accuracy in needle-in-haystack tasks compared to baselines."
2501.00659v2,Why Are Positional Encodings Nonessential for Deep Autoregressive Transformers? Revisiting a Petroglyph,"Do autoregressive Transformer language models require explicit positional encodings (PEs)? The answer is 'no' provided they have more than one layer -- they can distinguish sequences with permuted tokens without the need for explicit PEs. This follows from the fact that a cascade of (permutation invariant) set processors can collectively exhibit sequence-sensitive behavior in the autoregressive setting. This property has been known since early efforts (contemporary with GPT-2) adopting the Transformer for language modeling. However, this result does not appear to have been well disseminated, leading to recent rediscoveries. This may be partially due to a sudden growth of the language modeling community after the advent of GPT-2/3, but perhaps also due to the lack of a clear explanation in prior work, despite being commonly understood by practitioners in the past. Here we review the long-forgotten explanation why explicit PEs are nonessential for multi-layer autoregressive Transformers (in contrast, one-layer models require PEs to discern order information of their inputs), as well as the origin of this result, and hope to re-establish it as a common knowledge."
2501.00656v3,2 OLMo 2 Furious,"We present OLMo 2, the next generation of our fully open language models. OLMo 2 includes a family of dense autoregressive language models at 7B, 13B and 32B scales with fully released artifacts -- model weights, full training data, training code and recipes, training logs and thousands of intermediate checkpoints. In this work, we describe our modified model architecture and training recipe, focusing on techniques for achieving better training stability and improved per-token efficiency. Our updated pretraining data mixture introduces a new, specialized data mix called Dolmino Mix 1124, which significantly improves model capabilities across many downstream task benchmarks when introduced via late-stage curriculum training (i.e. specialized data during the annealing phase of pretraining). Finally, we incorporate best practices from Tülu 3 to develop OLMo 2-Instruct, focusing on permissive data and extending our final-stage reinforcement learning with verifiable rewards (RLVR). Our OLMo 2 base models sit at the Pareto frontier of performance to training compute, often matching or outperforming open-weight only models like Llama 3.1, Qwen 2.5, and Gemma 2 while using fewer FLOPs and with fully transparent training data, code, and recipe. Our fully open OLMo 2-Instruct models are competitive with open-weight only models of comparable size and even some proprietary models like GPT-3.5 Turbo and GPT 4o Mini."
2501.00654v4,ICONS: Influence Consensus for Vision-Language Data Selection,"Training vision-language models via instruction tuning relies on large data mixtures spanning diverse tasks and domains, yet these mixtures frequently include redundant information that increases computational costs without proportional gains. Existing methods typically rely on task-agnostic heuristics to estimate data importance, limiting their effectiveness across tasks. We introduce ICONS, a gradient-based Influence CONsensus approach for vision-language data Selection. Our method leverages first-order training dynamics to estimate each example's influence on validation performance, then aggregates these estimates across tasks via majority voting. This cross-task consensus identifies consistently valuable data points while mitigating score calibration and outlier sensitivity, enabling robust and scalable data selection for diverse multitask mixtures. Models trained on our selected 20% data subset from LLAVA-665K (respectively: from CAMBRIAN-7M, from VISION-FLAN-186K) retain 98.6% (respectively: 98.8%, 99.8%) of full-dataset performance. We demonstrate that our selected data generalizes to unseen tasks and model architectures, and release three compact subsets LLAVA-ICONS-133K, CAMBRIAN-ICONS-1.4M, and VISION-FLAN-ICONS-37K for efficient vision-language model development."
2501.00644v1,Efficient Standardization of Clinical Notes using Large Language Models,"Clinician notes are a rich source of patient information but often contain inconsistencies due to varied writing styles, colloquialisms, abbreviations, medical jargon, grammatical errors, and non-standard formatting. These inconsistencies hinder the extraction of meaningful data from electronic health records (EHRs), posing challenges for quality improvement, population health, precision medicine, decision support, and research.   We present a large language model approach to standardizing a corpus of 1,618 clinical notes. Standardization corrected an average of $4.9 +/- 1.8$ grammatical errors, $3.3 +/- 5.2$ spelling errors, converted $3.1 +/- 3.0$ non-standard terms to standard terminology, and expanded $15.8 +/- 9.1$ abbreviations and acronyms per note. Additionally, notes were re-organized into canonical sections with standardized headings. This process prepared notes for key concept extraction, mapping to medical ontologies, and conversion to interoperable data formats such as FHIR.   Expert review of randomly sampled notes found no significant data loss after standardization. This proof-of-concept study demonstrates that standardization of clinical notes can improve their readability, consistency, and usability, while also facilitating their conversion into interoperable data formats."
2501.05464v2,LLM-MedQA: Enhancing Medical Question Answering through Case Studies in Large Language Models,"Accurate and efficient question-answering systems are essential for delivering high-quality patient care in the medical field. While Large Language Models (LLMs) have made remarkable strides across various domains, they continue to face significant challenges in medical question answering, particularly in understanding domain-specific terminologies and performing complex reasoning. These limitations undermine their effectiveness in critical medical applications. To address these issues, we propose a novel approach incorporating similar case generation within a multi-agent medical question-answering (MedQA) system. Specifically, we leverage the Llama3.1:70B model, a state-of-the-art LLM, in a multi-agent architecture to enhance performance on the MedQA dataset using zero-shot learning. Our method capitalizes on the model's inherent medical knowledge and reasoning capabilities, eliminating the need for additional training data. Experimental results show substantial performance gains over existing benchmark models, with improvements of 7% in both accuracy and F1-score across various medical QA tasks. Furthermore, we examine the model's interpretability and reliability in addressing complex medical queries. This research not only offers a robust solution for medical question answering but also establishes a foundation for broader applications of LLMs in the medical domain."
2501.00617v1,Toward Corpus Size Requirements for Training and Evaluating Depression Risk Models Using Spoken Language,"Mental health risk prediction is a growing field in the speech community, but many studies are based on small corpora. This study illustrates how variations in test and train set sizes impact performance in a controlled study. Using a corpus of over 65K labeled data points, results from a fully crossed design of different train/test size combinations are provided. Two model types are included: one based on language and the other on speech acoustics. Both use methods current in this domain. An age-mismatched test set was also included. Results show that (1) test sizes below 1K samples gave noisy results, even for larger training set sizes; (2) training set sizes of at least 2K were needed for stable results; (3) NLP and acoustic models behaved similarly with train/test size variations, and (4) the mismatched test set showed the same patterns as the matched test set. Additional factors are discussed, including label priors, model strength and pre-training, unique speakers, and data lengths. While no single study can specify exact size requirements, results demonstrate the need for appropriately sized train and test sets for future studies of mental health risk prediction from speech and language."
2501.00608v1,Optimizing Speech-Input Length for Speaker-Independent Depression Classification,"Machine learning models for speech-based depression classification offer promise for health care applications. Despite growing work on depression classification, little is understood about how the length of speech-input impacts model performance. We analyze results for speaker-independent depression classification using a corpus of over 1400 hours of speech from a human-machine health screening application. We examine performance as a function of response input length for two NLP systems that differ in overall performance.   Results for both systems show that performance depends on natural length, elapsed length, and ordering of the response within a session. Systems share a minimum length threshold, but differ in a response saturation threshold, with the latter higher for the better system. At saturation it is better to pose a new question to the speaker, than to continue the current response. These and additional reported results suggest how applications can be better designed to both elicit and process optimal input lengths for depression classification."
2501.00598v1,"""Dialogue"" vs ""Dialog"" in NLP and AI research: Statistics from a Confused Discourse","Within computing research, there are two spellings for an increasingly important term - dialogue and dialog. We analyze thousands of research papers to understand this ""dialog(ue) debacle"". Among publications in top venues that use ""dialog(ue)"" in the title or abstract, 72% use ""dialogue"", 24% use ""dialog"", and 5% use both in the same title and abstract. This split distribution is more common in Computing than any other academic discipline. We investigate trends over ~20 years of NLP/AI research, not finding clear evidence of a shift over time. Author nationality is weakly correlated with spelling choice, but far from explains the mixed use. Many prolific authors publish papers with both spellings. We use several methods (such as syntactic parses and LM embeddings) to study how dialog(ue) context influences spelling, finding limited influence. Combining these results together, we discuss different theories that might explain the dialog(ue) divergence."
2501.00593v2,Setting Standards in Turkish NLP: TR-MMLU for Large Language Model Evaluation,"Language models have made remarkable advancements in understanding and generating human language, achieving notable success across a wide array of applications. However, evaluating these models remains a significant challenge, particularly for resource-limited languages such as Turkish. To address this gap, we introduce the Turkish MMLU (TR-MMLU) benchmark, a comprehensive evaluation framework designed to assess the linguistic and conceptual capabilities of large language models (LLMs) in Turkish. TR-MMLU is constructed from a carefully curated dataset comprising 6200 multiple-choice questions across 62 sections, selected from a pool of 280000 questions spanning 67 disciplines and over 800 topics within the Turkish education system. This benchmark provides a transparent, reproducible, and culturally relevant tool for evaluating model performance. It serves as a standard framework for Turkish NLP research, enabling detailed analyses of LLMs' capabilities in processing Turkish text and fostering the development of more robust and accurate language models. In this study, we evaluate state-of-the-art LLMs on TR-MMLU, providing insights into their strengths and limitations for Turkish-specific tasks. Our findings reveal critical challenges, such as the impact of tokenization and fine-tuning strategies, and highlight areas for improvement in model design. By setting a new standard for evaluating Turkish language models, TR-MMLU aims to inspire future innovations and support the advancement of Turkish NLP research."
2501.00581v2,Are the Values of LLMs Structurally Aligned with Humans? A Causal Perspective,"As large language models (LLMs) become increasingly integrated into critical applications, aligning their behavior with human values presents significant challenges. Current methods, such as Reinforcement Learning from Human Feedback (RLHF), typically focus on a limited set of coarse-grained values and are resource-intensive. Moreover, the correlations between these values remain implicit, leading to unclear explanations for value-steering outcomes. Our work argues that a latent causal value graph underlies the value dimensions of LLMs and that, despite alignment training, this structure remains significantly different from human value systems. We leverage these causal value graphs to guide two lightweight value-steering methods: role-based prompting and sparse autoencoder (SAE) steering, effectively mitigating unexpected side effects. Furthermore, SAE provides a more fine-grained approach to value steering. Experiments on Gemma-2B-IT and Llama3-8B-IT demonstrate the effectiveness and controllability of our methods."
2501.00571v5,KnowRA: Knowledge Retrieval Augmented Method for Document-level Relation Extraction with Comprehensive Reasoning Abilities,"Document-level relation extraction (Doc-RE) aims to extract relations between entities across multiple sentences. Therefore, Doc-RE requires more comprehensive reasoning abilities like humans, involving complex cross-sentence interactions between entities, contexts, and external general knowledge, compared to the sentence-level RE. However, most existing Doc-RE methods focus on optimizing single reasoning ability, but lack the ability to utilize external knowledge for comprehensive reasoning on long documents. To solve these problems, a knowledge retrieval augmented method, named KnowRA, was proposed with comprehensive reasoning to autonomously determine whether to accept external knowledge to assist DocRE. Firstly, we constructed a document graph for semantic encoding and integrated the co-reference resolution model to augment the co-reference reasoning ability. Then, we expanded the document graph into a document knowledge graph by retrieving the external knowledge base for common-sense reasoning and a novel knowledge filtration method was presented to filter out irrelevant knowledge. Finally, we proposed the axis attention mechanism to build direct and indirect associations with intermediary entities for achieving cross-sentence logical reasoning. Extensive experiments conducted on two datasets verified the effectiveness of our method compared to the state-of-the-art baselines. Our code is available at https://anonymous.4open.science/r/KnowRA."
2501.00562v2,An Overview and Discussion on Using Large Language Models for Implementation Generation of Solutions to Open-Ended Problems,"Large Language Models offer new opportunities to devise automated implementation generation methods that can tackle problem solving activities beyond traditional methods, which require algorithmic specifications and can use only static domain knowledge, like performance metrics and libraries of basic building blocks. Large Language Models could support creating new methods to support problem solving activities for open-ended problems, like problem framing, exploring possible solving approaches, feature elaboration and combination, more advanced implementation assessment, and handling unexpected situations. This report summarized the current work on Large Language Models, including model prompting, Reinforcement Learning, and Retrieval-Augmented Generation. Future research requirements were also discussed."
2501.00677v2,Deeply Learned Robust Matrix Completion for Large-scale Low-rank Data Recovery,"Robust matrix completion (RMC) is a widely used machine learning tool that simultaneously tackles two critical issues in low-rank data analysis: missing data entries and extreme outliers. This paper proposes a novel scalable and learnable non-convex approach, coined Learned Robust Matrix Completion (LRMC), for large-scale RMC problems. LRMC enjoys low computational complexity with linear convergence. Motivated by the proposed theorem, the free parameters of LRMC can be effectively learned via deep unfolding to achieve optimum performance. Furthermore, this paper proposes a flexible feedforward-recurrent-mixed neural network framework that extends deep unfolding from fix-number iterations to infinite iterations. The superior empirical performance of LRMC is verified with extensive experiments against state-of-the-art on synthetic datasets and real applications, including video background subtraction, ultrasound imaging, face modeling, and cloud removal from satellite imagery."
2501.00673v1,Controlled Causal Hallucinations Can Estimate Phantom Nodes in Multiexpert Mixtures of Fuzzy Cognitive Maps,An adaptive multiexpert mixture of feedback causal models can approximate missing or phantom nodes in large-scale causal models. The result gives a scalable form of \emph{big knowledge}. The mixed model approximates a sampled dynamical system by approximating its main limit-cycle equilibria. Each expert first draws a fuzzy cognitive map (FCM) with at least one missing causal node or variable. FCMs are directed signed partial-causality cyclic graphs. They mix naturally through convex combination to produce a new causal feedback FCM. Supervised learning helps each expert FCM estimate its phantom node by comparing the FCM's partial equilibrium with the complete multi-node equilibrium. Such phantom-node estimation allows partial control over these causal hallucinations and helps approximate the future trajectory of the dynamical system. But the approximation can be computationally heavy. Mixing the tuned expert FCMs gives a practical way to find several phantom nodes and thereby better approximate the feedback system's true equilibrium behavior.
2501.00669v1,Leaf diseases detection using deep learning methods,"This study, our main topic is to devlop a new deep-learning approachs for plant leaf disease identification and detection using leaf image datasets. We also discussed the challenges facing current methods of leaf disease detection and how deep learning may be used to overcome these challenges and enhance the accuracy of disease detection. Therefore, we have proposed a novel method for the detection of various leaf diseases in crops, along with the identification and description of an efficient network architecture that encompasses hyperparameters and optimization methods. The effectiveness of different architectures was compared and evaluated to see the best architecture configuration and to create an effective model that can quickly detect leaf disease. In addition to the work done on pre-trained models, we proposed a new model based on CNN, which provides an efficient method for identifying and detecting plant leaf disease. Furthermore, we evaluated the efficacy of our model and compared the results to those of some pre-trained state-of-the-art architectures."
2501.00664v3,Grade Inflation in Generative Models,"Generative models hold great potential, but only if one can trust the evaluation of the data they generate. We show that many commonly used quality scores for comparing two-dimensional distributions of synthetic vs. ground-truth data give better results than they should, a phenomenon we call the ""grade inflation problem."" We show that the correlation score, Jaccard score, earth-mover's score, and Kullback-Leibler (relative-entropy) score all suffer grade inflation. We propose that any score that values all datapoints equally, as these do, will also exhibit grade inflation; we refer to such scores as ""equipoint"" scores. We introduce the concept of ""equidensity"" scores, and present the Eden score, to our knowledge the first example of such a score. We found that Eden avoids grade inflation and agrees better with human perception of goodness-of-fit than the equipoint scores above. We propose that any reasonable equidensity score will avoid grade inflation. We identify a connection between equidensity scores and Rényi entropy of negative order. We conclude that equidensity scores are likely to outperform equipoint scores for generative models, and for comparing low-dimensional distributions more generally."
2501.00658v2,Understanding and Mitigating Bottlenecks of State Space Models through the Lens of Recency and Over-smoothing,"Structured State Space Models (SSMs) have emerged as alternatives to transformers. While SSMs are often regarded as effective in capturing long-sequence dependencies, we rigorously demonstrate that they are inherently limited by strong recency bias. Our empirical studies also reveal that this bias impairs the models' ability to recall distant information and introduces robustness issues. Our scaling experiments then discovered that deeper structures in SSMs can facilitate the learning of long contexts. However, subsequent theoretical analysis reveals that as SSMs increase in depth, they exhibit another inevitable tendency toward over-smoothing, e.g., token representations becoming increasingly indistinguishable. This fundamental dilemma between recency and over-smoothing hinders the scalability of existing SSMs. Inspired by our theoretical findings, we propose to polarize two channels of the state transition matrices in SSMs, setting them to zero and one, respectively, simultaneously addressing recency bias and over-smoothing. Experiments demonstrate that our polarization technique consistently enhances the associative recall accuracy of long-range tokens and unlocks SSMs to benefit further from deeper architectures. All source codes are released at https://github.com/VITA-Group/SSM-Bottleneck."
2501.00655v1,Finding Missed Code Size Optimizations in Compilers using LLMs,"Compilers are complex, and significant effort has been expended on testing them. Techniques such as random program generation and differential testing have proved highly effective and have uncovered thousands of bugs in production compilers. The majority of effort has been expended on validating that a compiler produces correct code for a given input, while less attention has been paid to ensuring that the compiler produces performant code.   In this work we adapt differential testing to the task of identifying missed optimization opportunities in compilers. We develop a novel testing approach which combines large language models (LLMs) with a series of differential testing strategies and use them to find missing code size optimizations in C / C++ compilers.   The advantage of our approach is its simplicity. We offload the complex task of generating random code to an off-the-shelf LLM, and use heuristics and analyses to identify anomalous compiler behavior. Our approach requires fewer than 150 lines of code to implement. This simplicity makes it extensible. By simply changing the target compiler and initial LLM prompt we port the approach from C / C++ to Rust and Swift, finding bugs in both. To date we have reported 24 confirmed bugs in production compilers, and conclude that LLM-assisted testing is a promising avenue for detecting optimization bugs in real world compilers."
2501.00651v2,Taming Feed-forward Reconstruction Models as Latent Encoders for 3D Generative Models,"Recent AI-based 3D content creation has largely evolved along two paths: feed-forward image-to-3D reconstruction approaches and 3D generative models trained with 2D or 3D supervision. In this work, we show that existing feed-forward reconstruction methods can serve as effective latent encoders for training 3D generative models, thereby bridging these two paradigms. By reusing powerful pre-trained reconstruction models, we avoid computationally expensive encoder network training and obtain rich 3D latent features for generative modeling for free. However, the latent spaces of reconstruction models are not well-suited for generative modeling due to their unstructured nature. To enable flow-based model training on these latent features, we develop post-processing pipelines, including protocols to standardize the features and spatial weighting to concentrate on important regions. We further incorporate a 2D image space perceptual rendering loss to handle the high-dimensional latent spaces. Finally, we propose a multi-stream transformer-based rectified flow architecture to achieve linear scaling and high-quality text-conditioned 3D generation. Our framework leverages the advancements of feed-forward reconstruction models to enhance the scalability of 3D generative modeling, achieving both high computational efficiency and state-of-the-art performance in text-to-3D generation."
2501.00645v1,SoundBrush: Sound as a Brush for Visual Scene Editing,"We propose SoundBrush, a model that uses sound as a brush to edit and manipulate visual scenes. We extend the generative capabilities of the Latent Diffusion Model (LDM) to incorporate audio information for editing visual scenes. Inspired by existing image-editing works, we frame this task as a supervised learning problem and leverage various off-the-shelf models to construct a sound-paired visual scene dataset for training. This richly generated dataset enables SoundBrush to learn to map audio features into the textual space of the LDM, allowing for visual scene editing guided by diverse in-the-wild sound. Unlike existing methods, SoundBrush can accurately manipulate the overall scenery or even insert sounding objects to best match the audio inputs while preserving the original content. Furthermore, by integrating with novel view synthesis techniques, our framework can be extended to edit 3D scenes, facilitating sound-driven 3D scene manipulation. Demos are available at https://soundbrush.github.io/."
2501.00642v1,Enabling New HDLs with Agents,"Large Language Models (LLMs) based agents are transforming the programming language landscape by facilitating learning for beginners, enabling code generation, and optimizing documentation workflows. Hardware Description Languages (HDLs), with their smaller user community, stand to benefit significantly from the application of LLMs as tools for learning new HDLs. This paper investigates the challenges and solutions of enabling LLMs for HDLs, particularly for HDLs that LLMs have not been previously trained on. This work introduces HDLAgent, an AI agent optimized for LLMs with limited knowledge of various HDLs. It significantly enhances off-the-shelf LLMs."
2501.01994v1,Fuzzy Model Identification and Self Learning with Smooth Compositions,"This paper develops a smooth model identification and self-learning strategy for dynamic systems taking into account possible parameter variations and uncertainties. We have tried to solve the problem such that the model follows the changes and variations in the system on a continuous and smooth surface. Running the model to adaptively gain the optimum values of the parameters on a smooth surface would facilitate further improvements in the application of other derivative based optimization control algorithms such as MPC or robust control algorithms to achieve a combined modeling-control scheme. Compared to the earlier works on the smooth fuzzy modeling structures, we could reach a desired trade-off between the model optimality and the computational load. The proposed method has been evaluated on a test problem as well as the non-linear dynamic of a chemical process."
2501.00619v1,A Study on Context Length and Efficient Transformers for Biomedical Image Analysis,"Biomedical imaging modalities often produce high-resolution, multi-dimensional images that pose computational challenges for deep neural networks. These computational challenges are compounded when training transformers due to the self-attention operator, which scales quadratically with context length. Recent developments in long-context models have potential to alleviate these difficulties and enable more efficient application of transformers to large biomedical images, although a systematic evaluation on this topic is lacking. In this study, we investigate the impact of context length on biomedical image analysis and we evaluate the performance of recently proposed long-context models. We first curate a suite of biomedical imaging datasets, including 2D and 3D data for segmentation, denoising, and classification tasks. We then analyze the impact of context length on network performance using the Vision Transformer and Swin Transformer by varying patch size and attention window size. Our findings reveal a strong relationship between context length and performance, particularly for pixel-level prediction tasks. Finally, we show that recent long-context models demonstrate significant improvements in efficiency while maintaining comparable performance, though we highlight where gaps remain. This work underscores the potential and challenges of using long-context models in biomedical imaging."
2501.00601v2,DreamDrive: Generative 4D Scene Modeling from Street View Images,"Synthesizing photo-realistic visual observations from an ego vehicle's driving trajectory is a critical step towards scalable training of self-driving models. Reconstruction-based methods create 3D scenes from driving logs and synthesize geometry-consistent driving videos through neural rendering, but their dependence on costly object annotations limits their ability to generalize to in-the-wild driving scenarios. On the other hand, generative models can synthesize action-conditioned driving videos in a more generalizable way but often struggle with maintaining 3D visual consistency. In this paper, we present DreamDrive, a 4D spatial-temporal scene generation approach that combines the merits of generation and reconstruction, to synthesize generalizable 4D driving scenes and dynamic driving videos with 3D consistency. Specifically, we leverage the generative power of video diffusion models to synthesize a sequence of visual references and further elevate them to 4D with a novel hybrid Gaussian representation. Given a driving trajectory, we then render 3D-consistent driving videos via Gaussian splatting. The use of generative priors allows our method to produce high-quality 4D scenes from in-the-wild driving data, while neural rendering ensures 3D-consistent video generation from the 4D scenes. Extensive experiments on nuScenes and street view images demonstrate that DreamDrive can generate controllable and generalizable 4D driving scenes, synthesize novel views of driving videos with high fidelity and 3D consistency, decompose static and dynamic elements in a self-supervised manner, and enhance perception and planning tasks for autonomous driving."
2501.00599v3,VideoRefer Suite: Advancing Spatial-Temporal Object Understanding with Video LLM,"Video Large Language Models (Video LLMs) have recently exhibited remarkable capabilities in general video understanding. However, they mainly focus on holistic comprehension and struggle with capturing fine-grained spatial and temporal details. Besides, the lack of high-quality object-level video instruction data and a comprehensive benchmark further hinders their advancements. To tackle these challenges, we introduce the VideoRefer Suite to empower Video LLM for finer-level spatial-temporal video understanding, i.e., enabling perception and reasoning on any objects throughout the video. Specially, we thoroughly develop VideoRefer Suite across three essential aspects: dataset, model, and benchmark. Firstly, we introduce a multi-agent data engine to meticulously curate a large-scale, high-quality object-level video instruction dataset, termed VideoRefer-700K. Next, we present the VideoRefer model, which equips a versatile spatial-temporal object encoder to capture precise regional and sequential representations. Finally, we meticulously create a VideoRefer-Bench to comprehensively assess the spatial-temporal understanding capability of a Video LLM, evaluating it across various aspects. Extensive experiments and analyses demonstrate that our VideoRefer model not only achieves promising performance on video referring benchmarks but also facilitates general video understanding capabilities."
2501.00595v1,Unbiased GNN Learning via Fairness-Aware Subgraph Diffusion,"Graph Neural Networks (GNNs) have demonstrated remarkable efficacy in tackling a wide array of graph-related tasks across diverse domains. However, a significant challenge lies in their propensity to generate biased predictions, particularly with respect to sensitive node attributes such as age and gender. These biases, inherent in many machine learning models, are amplified in GNNs due to the message-passing mechanism, which allows nodes to influence each other, rendering the task of making fair predictions notably challenging. This issue is particularly pertinent in critical domains where model fairness holds paramount importance. In this paper, we propose a novel generative Fairness-Aware Subgraph Diffusion (FASD) method for unbiased GNN learning. The method initiates by strategically sampling small subgraphs from the original large input graph, and then proceeds to conduct subgraph debiasing via generative fairness-aware graph diffusion processes based on stochastic differential equations (SDEs). To effectively diffuse unfairness in the input data, we introduce additional adversary bias perturbations to the subgraphs during the forward diffusion process, and train score-based models to predict these applied perturbations, enabling them to learn the underlying dynamics of the biases present in the data. Subsequently, the trained score-based models are utilized to further debias the original subgraph samples through the reverse diffusion process. Finally, FASD induces fair node predictions on the input graph by performing standard GNN learning on the debiased subgraphs. Experimental results demonstrate the superior performance of the proposed method over state-of-the-art Fair GNN baselines across multiple benchmark datasets."
2501.00647v1,Lightweight G-YOLOv11: Advancing Efficient Fracture Detection in Pediatric Wrist X-rays,"Computer-aided diagnosis (CAD) systems have greatly improved the interpretation of medical images by radiologists and surgeons. However, current CAD systems for fracture detection in X-ray images primarily rely on large, resource-intensive detectors, which limits their practicality in clinical settings. To address this limitation, we propose a novel lightweight CAD system based on the YOLO detector for fracture detection. This system, named ghost convolution-based YOLOv11 (G-YOLOv11), builds on the latest version of the YOLO detector family and incorporates the ghost convolution operation for feature extraction. The ghost convolution operation generates the same number of feature maps as traditional convolution but requires fewer linear operations, thereby reducing the detector's computational resource requirements. We evaluated the performance of the proposed G-YOLOv11 detector on the GRAZPEDWRI-DX dataset, achieving an mAP@0.5 of 0.535 with an inference time of 2.4 ms on an NVIDIA A10 GPU. Compared to the standard YOLOv11l, G-YOLOv11l achieved reductions of 13.6% in mAP@0.5 and 68.7% in size. These results establish a new state-of-the-art benchmark in terms of efficiency, outperforming existing detectors. Code and models are available at https://github.com/AbdesselamFerdi/G-YOLOv11."
2501.00637v1,Flash-Split: 2D Reflection Removal with Flash Cues and Latent Diffusion Separation,"Transparent surfaces, such as glass, create complex reflections that obscure images and challenge downstream computer vision applications. We introduce Flash-Split, a robust framework for separating transmitted and reflected light using a single (potentially misaligned) pair of flash/no-flash images. Our core idea is to perform latent-space reflection separation while leveraging the flash cues. Specifically, Flash-Split consists of two stages. Stage 1 separates apart the reflection latent and transmission latent via a dual-branch diffusion model conditioned on an encoded flash/no-flash latent pair, effectively mitigating the flash/no-flash misalignment issue. Stage 2 restores high-resolution, faithful details to the separated latents, via a cross-latent decoding process conditioned on the original images before separation. By validating Flash-Split on challenging real-world scenes, we demonstrate state-of-the-art reflection separation performance and significantly outperform the baseline methods."
2501.00636v1,Applying Graph Explanation to Operator Fusion,"Layer fusion techniques are critical to improving the inference efficiency of deep neural networks (DNN) for deployment. Fusion aims to lower inference costs by reducing data transactions between an accelerator's on-chip buffer and DRAM. This is accomplished by grouped execution of multiple operations like convolution and activations together into single execution units - fusion groups. However, on-chip buffer capacity limits fusion group size and optimizing fusion on whole DNNs requires partitioning into multiple fusion groups. Finding the optimal groups is a complex problem where the presence of invalid solutions hampers traditional search algorithms and demands robust approaches. In this paper we incorporate Explainable AI, specifically Graph Explanation Techniques (GET), into layer fusion. Given an invalid fusion group, we identify the operations most responsible for group invalidity, then use this knowledge to recursively split the original fusion group via a greedy tree-based algorithm to minimize DRAM access. We pair our scheme with common algorithms and optimize DNNs on two types of layer fusion: Line-Buffer Depth First (LBDF) and Branch Requirement Reduction (BRR). Experiments demonstrate the efficacy of our scheme on several popular and classical convolutional neural networks like ResNets and MobileNets. Our scheme achieves over 20% DRAM Access reduction on EfficientNet-B3."
2501.00625v3,Gaussian Building Mesh (GBM): Extract a Building's 3D Mesh with Google Earth and Gaussian Splatting,"Recently released open-source pre-trained foundational image segmentation and object detection models (SAM2+GroundingDINO) allow for geometrically consistent segmentation of objects of interest in multi-view 2D images. Users can use text-based or click-based prompts to segment objects of interest without requiring labeled training datasets. Gaussian Splatting allows for the learning of the 3D representation of a scene's geometry and radiance based on 2D images. Combining Google Earth Studio, SAM2+GroundingDINO, 2D Gaussian Splatting, and our improvements in mask refinement based on morphological operations and contour simplification, we created a pipeline to extract the 3D mesh of any building based on its name, address, or geographic coordinates."
2501.00603v2,DiC: Rethinking Conv3x3 Designs in Diffusion Models,"Diffusion models have shown exceptional performance in visual generation tasks. Recently, these models have shifted from traditional U-Shaped CNN-Attention hybrid structures to fully transformer-based isotropic architectures. While these transformers exhibit strong scalability and performance, their reliance on complicated self-attention operation results in slow inference speeds. Contrary to these works, we rethink one of the simplest yet fastest module in deep learning, 3x3 Convolution, to construct a scaled-up purely convolutional diffusion model. We first discover that an Encoder-Decoder Hourglass design outperforms scalable isotropic architectures for Conv3x3, but still under-performing our expectation. Further improving the architecture, we introduce sparse skip connections to reduce redundancy and improve scalability. Based on the architecture, we introduce conditioning improvements including stage-specific embeddings, mid-block condition injection, and conditional gating. These improvements lead to our proposed Diffusion CNN (DiC), which serves as a swift yet competitive diffusion architecture baseline. Experiments on various scales and settings show that DiC surpasses existing diffusion transformers by considerable margins in terms of performance while keeping a good speed advantage. Project page: https://github.com/YuchuanTian/DiC"
2501.00602v1,STORM: Spatio-Temporal Reconstruction Model for Large-Scale Outdoor Scenes,"We present STORM, a spatio-temporal reconstruction model designed for reconstructing dynamic outdoor scenes from sparse observations. Existing dynamic reconstruction methods often rely on per-scene optimization, dense observations across space and time, and strong motion supervision, resulting in lengthy optimization times, limited generalization to novel views or scenes, and degenerated quality caused by noisy pseudo-labels for dynamics. To address these challenges, STORM leverages a data-driven Transformer architecture that directly infers dynamic 3D scene representations--parameterized by 3D Gaussians and their velocities--in a single forward pass. Our key design is to aggregate 3D Gaussians from all frames using self-supervised scene flows, transforming them to the target timestep to enable complete (i.e., ""amodal"") reconstructions from arbitrary viewpoints at any moment in time. As an emergent property, STORM automatically captures dynamic instances and generates high-quality masks using only reconstruction losses. Extensive experiments on public datasets show that STORM achieves precise dynamic scene reconstruction, surpassing state-of-the-art per-scene optimization methods (+4.3 to 6.6 PSNR) and existing feed-forward approaches (+2.1 to 4.7 PSNR) in dynamic regions. STORM reconstructs large-scale outdoor scenes in 200ms, supports real-time rendering, and outperforms competitors in scene flow estimation, improving 3D EPE by 0.422m and Acc5 by 28.02%. Beyond reconstruction, we showcase four additional applications of our model, illustrating the potential of self-supervised learning for broader dynamic scene understanding."
2501.00513v2,CaReBench: A Fine-Grained Benchmark for Video Captioning and Retrieval,"Video understanding, including video captioning and retrieval, is still a great challenge for video-language models (VLMs). The existing video retrieval and caption benchmarks only include short descriptions, limits their ability of detailed video understanding evaluation. To address this problem, we present CaReBench, a testing benchmark for fine-grained video captioning and retrieval with 1,000 high-quality pairs of videos and human-annotated detailed captions. Uniquely, it provides manually separated spatial annotations and temporal annotations for each video. Based on this design, we introduce two evaluation metrics, ReBias and CapST, specifically tailored for video retrieval and video captioning tasks, respectively. These metrics enable a comprehensive investigation into the spatial and temporal biases inherent in VLMs. In addition, to handle both video retrieval and video captioning tasks in a unified framework, we develop a simple baseline based on a Multimodal Language Model (MLLM). By implementing a two-stage Supervised Fine-Tuning (SFT), we fully unlock the potential of MLLM, enabling it not only to generate detailed video descriptions but also to extract video features. Surprisingly, experimental results demonstrate that, compared to the CLIP-based models designed for retrieval and the popular MLLMs skilled in video captioning, our baseline shows competitive performance in both fine-grained video retrieval and video detailed captioning."
2501.00384v1,S-Diff: An Anisotropic Diffusion Model for Collaborative Filtering in Spectral Domain,"Recovering user preferences from user-item interaction matrices is a key challenge in recommender systems. While diffusion models can sample and reconstruct preferences from latent distributions, they often fail to capture similar users' collective preferences effectively. Additionally, latent variables degrade into pure Gaussian noise during the forward process, lowering the signal-to-noise ratio, which in turn degrades performance. To address this, we propose S-Diff, inspired by graph-based collaborative filtering, better to utilize low-frequency components in the graph spectral domain. S-Diff maps user interaction vectors into the spectral domain and parameterizes diffusion noise to align with graph frequency. This anisotropic diffusion retains significant low-frequency components, preserving a high signal-to-noise ratio. S-Diff further employs a conditional denoising network to encode user interactions, recovering true preferences from noisy data. This method achieves strong results across multiple datasets."
2501.00367v1,"Who Gets Recommended? Investigating Gender, Race, and Country Disparities in Paper Recommendations from Large Language Models","This paper investigates the performance of several representative large models in the tasks of literature recommendation and explores potential biases in research exposure. The results indicate that not only LLMs' overall recommendation accuracy remains limited but also the models tend to recommend literature with greater citation counts, later publication date, and larger author teams. Yet, in scholar recommendation tasks, there is no evidence that LLMs disproportionately recommend male, white, or developed-country authors, contrasting with patterns of known human biases."
2501.00332v1,MAIN-RAG: Multi-Agent Filtering Retrieval-Augmented Generation,"Large Language Models (LLMs) are becoming essential tools for various natural language processing tasks but often suffer from generating outdated or incorrect information. Retrieval-Augmented Generation (RAG) addresses this issue by incorporating external, real-time information retrieval to ground LLM responses. However, the existing RAG systems frequently struggle with the quality of retrieval documents, as irrelevant or noisy documents degrade performance, increase computational overhead, and undermine response reliability. To tackle this problem, we propose Multi-Agent Filtering Retrieval-Augmented Generation (MAIN-RAG), a training-free RAG framework that leverages multiple LLM agents to collaboratively filter and score retrieved documents. Specifically, MAIN-RAG introduces an adaptive filtering mechanism that dynamically adjusts the relevance filtering threshold based on score distributions, effectively minimizing noise while maintaining high recall of relevant documents. The proposed approach leverages inter-agent consensus to ensure robust document selection without requiring additional training data or fine-tuning. Experimental results across four QA benchmarks demonstrate that MAIN-RAG consistently outperforms traditional RAG approaches, achieving a 2-11% improvement in answer accuracy while reducing the number of irrelevant retrieved documents. Quantitative analysis further reveals that our approach achieves superior response consistency and answer accuracy over baseline methods, offering a competitive and practical alternative to training-based solutions."
2501.00330v1,Exploring the Implicit Semantic Ability of Multimodal Large Language Models: A Pilot Study on Entity Set Expansion,"The rapid development of multimodal large language models (MLLMs) has brought significant improvements to a wide range of tasks in real-world applications. However, LLMs still exhibit certain limitations in extracting implicit semantic information. In this paper, we apply MLLMs to the Multi-modal Entity Set Expansion (MESE) task, which aims to expand a handful of seed entities with new entities belonging to the same semantic class, and multi-modal information is provided with each entity. We explore the capabilities of MLLMs to understand implicit semantic information at the entity-level granularity through the MESE task, introducing a listwise ranking method LUSAR that maps local scores to global rankings. Our LUSAR demonstrates significant improvements in MLLM's performance on the MESE task, marking the first use of generative MLLM for ESE tasks and extending the applicability of listwise ranking."
2501.00309v2,Retrieval-Augmented Generation with Graphs (GraphRAG),"Retrieval-augmented generation (RAG) is a powerful technique that enhances downstream task execution by retrieving additional information, such as knowledge, skills, and tools from external sources. Graph, by its intrinsic ""nodes connected by edges"" nature, encodes massive heterogeneous and relational information, making it a golden resource for RAG in tremendous real-world applications. As a result, we have recently witnessed increasing attention on equipping RAG with Graph, i.e., GraphRAG. However, unlike conventional RAG, where the retriever, generator, and external data sources can be uniformly designed in the neural-embedding space, the uniqueness of graph-structured data, such as diverse-formatted and domain-specific relational knowledge, poses unique and significant challenges when designing GraphRAG for different domains. Given the broad applicability, the associated design challenges, and the recent surge in GraphRAG, a systematic and up-to-date survey of its key concepts and techniques is urgently desired. Following this motivation, we present a comprehensive and up-to-date survey on GraphRAG. Our survey first proposes a holistic GraphRAG framework by defining its key components, including query processor, retriever, organizer, generator, and data source. Furthermore, recognizing that graphs in different domains exhibit distinct relational patterns and require dedicated designs, we review GraphRAG techniques uniquely tailored to each domain. Finally, we discuss research challenges and brainstorm directions to inspire cross-disciplinary opportunities. Our survey repository is publicly maintained at https://github.com/Graph-RAG/GraphRAG/."
2501.00252v1,Towards Pattern-aware Data Augmentation for Temporal Knowledge Graph Completion,"Predicting missing facts for temporal knowledge graphs (TKGs) is a fundamental task, called temporal knowledge graph completion (TKGC). One key challenge in this task is the imbalance in data distribution, where facts are unevenly spread across entities and timestamps. This imbalance can lead to poor completion performance or long-tail entities and timestamps, and unstable training due to the introduction of false negative samples. Unfortunately, few previous studies have investigated how to mitigate these effects. Moreover, for the first time, we found that existing methods suffer from model preferences, revealing that entities with specific properties (e.g., recently active) are favored by different models. Such preferences will lead to error accumulation and further exacerbate the effects of imbalanced data distribution, but are overlooked by previous studies. To alleviate the impacts of imbalanced data and model preferences, we introduce Booster, the first data augmentation strategy for TKGs. The unique requirements here lie in generating new samples that fit the complex semantic and temporal patterns within TKGs, and identifying hard-learning samples specific to models. Therefore, we propose a hierarchical scoring algorithm based on triadic closures within TKGs. By incorporating both global semantic patterns and local time-aware structures, the algorithm enables pattern-aware validation for new samples. Meanwhile, we propose a two-stage training approach to identify samples that deviate from the model's preferred patterns. With a well-designed frequency-based filtering strategy, this approach also helps to avoid the misleading of false negatives. Experiments justify that Booster can seamlessly adapt to existing TKGC models and achieve up to an 8.7% performance improvement."
2502.15694v2,Image Fusion for Cross-Domain Sequential Recommendation,"Cross-Domain Sequential Recommendation (CDSR) aims to predict future user interactions based on historical interactions across multiple domains. The key challenge in CDSR is effectively capturing cross-domain user preferences by fully leveraging both intra-sequence and inter-sequence item interactions. In this paper, we propose a novel method, Image Fusion for Cross-Domain Sequential Recommendation (IFCDSR), which incorporates item image information to better capture visual preferences. Our approach integrates a frozen CLIP model to generate image embeddings, enriching original item embeddings with visual data from both intra-sequence and inter-sequence interactions. Additionally, we employ a multiple attention layer to capture cross-domain interests, enabling joint learning of single-domain and cross-domain user preferences. To validate the effectiveness of IFCDSR, we re-partitioned four e-commerce datasets and conducted extensive experiments. Results demonstrate that IFCDSR significantly outperforms existing methods."
2501.00223v1,"CancerKG.ORG A Web-scale, Interactive, Verifiable Knowledge Graph-LLM Hybrid for Assisting with Optimal Cancer Treatment and Care","Here, we describe one of the first Web-scale hybrid Knowledge Graph (KG)-Large Language Model (LLM), populated with the latest peer-reviewed medical knowledge on colorectal Cancer. It is currently being evaluated to assist with both medical research and clinical information retrieval tasks at Moffitt Cancer Center, which is one of the top Cancer centers in the U.S. and in the world. Our hybrid is remarkable as it serves the user needs better than just an LLM, KG or a search-engine in isolation. LLMs as is are known to exhibit hallucinations and catastrophic forgetting as well as are trained on outdated corpora. The state of the art KGs, such as PrimeKG, cBioPortal, ChEMBL, NCBI, and other require manual curation, hence are quickly getting stale. CancerKG is unsupervised and is capable of automatically ingesting and organizing the latest medical findings. To alleviate the LLMs shortcomings, the verified KG serves as a Retrieval Augmented Generation (RAG) guardrail. CancerKG exhibits 5 different advanced user interfaces, each tailored to serve different data modalities better and more convenient for the user."
2501.00174v2,The Text Classification Pipeline: Starting Shallow going Deeper,"Text classification stands as a cornerstone within the realm of Natural Language Processing (NLP), particularly when viewed through computer science and engineering. The past decade has seen deep learning revolutionize text classification, propelling advancements in text retrieval, categorization, information extraction, and summarization. The scholarly literature includes datasets, models, and evaluation criteria, with English being the predominant language of focus, despite studies involving Arabic, Chinese, Hindi, and others. The efficacy of text classification models relies heavily on their ability to capture intricate textual relationships and non-linear correlations, necessitating a comprehensive examination of the entire text classification pipeline.   In the NLP domain, a plethora of text representation techniques and model architectures have emerged, with Large Language Models (LLMs) and Generative Pre-trained Transformers (GPTs) at the forefront. These models are adept at transforming extensive textual data into meaningful vector representations encapsulating semantic information. The multidisciplinary nature of text classification, encompassing data mining, linguistics, and information retrieval, highlights the importance of collaborative research to advance the field. This work integrates traditional and contemporary text mining methodologies, fostering a holistic understanding of text classification."
2412.21009v2,Towards Identity-Aware Cross-Modal Retrieval: a Dataset and a Baseline,"Recent advancements in deep learning have significantly enhanced content-based retrieval methods, notably through models like CLIP that map images and texts into a shared embedding space. However, these methods often struggle with domain-specific entities and long-tail concepts absent from their training data, particularly in identifying specific individuals. In this paper, we explore the task of identity-aware cross-modal retrieval, which aims to retrieve images of persons in specific contexts based on natural language queries. This task is critical in various scenarios, such as for searching and browsing personalized video collections or large audio-visual archives maintained by national broadcasters. We introduce a novel dataset, COCO Person FaceSwap (COCO-PFS), derived from the widely used COCO dataset and enriched with deepfake-generated faces from VGGFace2. This dataset addresses the lack of large-scale datasets needed for training and evaluating models for this task. Our experiments assess the performance of different CLIP variations repurposed for this task, including our architecture, Identity-aware CLIP (Id-CLIP), which achieves competitive retrieval performance through targeted fine-tuning. Our contributions lay the groundwork for more robust cross-modal retrieval systems capable of recognizing long-tail identities and contextual nuances. Data and code are available at https://github.com/mesnico/IdCLIP."
2412.20960v1,Rise of Generative Artificial Intelligence in Science,"Generative Artificial Intelligence (GenAI, generative AI) has rapidly become available as a tool in scientific research. To explore the use of generative AI in science, we conduct an empirical analysis using OpenAlex. Analyzing GenAI publications and other AI publications from 2017 to 2023, we profile growth patterns, the diffusion of GenAI publications across fields of study, and the geographical spread of scientific research on generative AI. We also investigate team size and international collaborations to explore whether GenAI, as an emerging scientific research area, shows different collaboration patterns compared to other AI technologies. The results indicate that generative AI has experienced rapid growth and increasing presence in scientific publications. The use of GenAI now extends beyond computer science to other scientific research domains. Over the study period, U.S. researchers contributed nearly two-fifths of global GenAI publications. The U.S. is followed by China, with several small and medium-sized advanced economies demonstrating relatively high levels of GenAI deployment in their research publications. Although scientific research overall is becoming increasingly specialized and collaborative, our results suggest that GenAI research groups tend to have slightly smaller team sizes than found in other AI fields. Furthermore, notwithstanding recent geopolitical tensions, GenAI research continues to exhibit levels of international collaboration comparable to other AI technologies."
2501.00674v1,UPC Sentinel: An Accurate Approach for Detecting Upgradeability Proxy Contracts in Ethereum,"Software applications that run on a blockchain platform are known as DApps. DApps are built using smart contracts, which are immutable after deployment. Just like any real-world software system, DApps need to receive new features and bug fixes over time in order to remain useful and secure. However, Ethereum lacks native solutions for post-deployment smart contract maintenance, requiring developers to devise their own methods. A popular method is known as the upgradeability proxy contract (UPC), which involves implementing the proxy design pattern (as defined by the Gang of Four). In this method, client calls first hit a proxy contract, which then delegates calls to a certain implementation contract. Most importantly, the proxy contract can be reconfigured during runtime to delegate calls to another implementation contract, effectively enabling application upgrades. For researchers, the accurate detection of UPCs is a strong requirement in the understanding of how exactly real-world DApps are maintained over time. For practitioners, the accurate detection of UPCs is crucial for providing application behavior transparency and enabling auditing. In this paper, we introduce UPC Sentinel, a novel three-layer algorithm that utilizes both static and dynamic analysis of smart contract bytecode to accurately detect active UPCs. We evaluated UPC Sentinel using two distinct ground truth datasets. In the first dataset, our method demonstrated a near-perfect accuracy of 99%. The evaluation on the second dataset further established our method's efficacy, showing a perfect precision rate of 100% and a near-perfect recall of 99.3%, outperforming the state of the art. Finally, we discuss the potential value of UPC Sentinel in advancing future research efforts."
2501.00539v2,MCP-Solver: Integrating Language Models with Constraint Programming Systems,"The MCP Solver bridges Large Language Models (LLMs) with symbolic solvers through the Model Context Protocol (MCP), an open-source standard for AI system integration. Providing LLMs access to formal solving and reasoning capabilities addresses their key deficiency while leveraging their strengths. Our implementation offers interfaces for constraint programming (Minizinc), propositional satisfiability (PySAT), and SAT modulo Theories (Python Z3). The system employs an editing approach with iterated validation to ensure model consistency during modifications and enable structured refinement."
2501.00532v1,"Variability-Aware Machine Learning Model Selection: Feature Modeling, Instantiation, and Experimental Case Study","The emergence of machine learning (ML) has led to a transformative shift in software techniques and guidelines for building software applications that support data analysis process activities such as data ingestion, modeling, and deployment. Specifically, this shift is impacting ML model selection, which is one of the key phases in this process. There have been several advances in model selection from the standpoint of core ML methods, including basic probability measures and resampling methods. However, from a software engineering perspective, this selection is still an ad hoc and informal process, is not supported by a design approach and representation formalism that explicitly captures the selection process and can not support the specification of existing model selection procedures. The selection adapts to a variety of contextual factors that affect the model selection, such as data characteristics, number of features, prediction type, and their intricate dependencies. Further, it does not provide an explanation for selecting a model and does not consider the contextual factors and their interdependencies when selecting a technique. Although the current literature provides a wide variety of ML techniques and algorithms, there is a lack of design approaches to support algorithm selection. In this paper, we present a variability-aware ML algorithm selection approach that considers the commonalities and variations in the model selection process. The approach's applicability is illustrated by an experimental case study based on the Scikit-Learn heuristics, in which existing model selections presented in the literature are compared with selections suggested by the approach. The proposed approach can be seen as a step towards providing a more explicit, adaptive, transparent, interpretable, and automated basis for model selection."
2501.00372v2,Toward Digital Network Twins: Integrating Sionna RT in ns-3 for 6G Multi-RAT Networks Simulations,"The increasing complexity of 6G systems demands innovative tools for network management, simulation, and optimization. This work introduces the integration of ns-3 with Sionna RT, establishing the foundation for the first open source full-stack Digital Network Twin (DNT) capable of supporting multi-RAT. By incorporating a deterministic ray tracer for precise and site-specific channel modeling, this framework addresses limitations of traditional stochastic models and enables realistic, dynamic, and multilayered wireless network simulations. Tested in a challenging vehicular urban scenario, the proposed solution demonstrates significant improvements in accurately modeling wireless channels and their cascading effects on higher network layers. With up to 65% observed differences in application-layer performance compared to stochastic models, this work highlights the transformative potential of ray-traced simulations for 6G research, training, and network management."
2501.00363v2,SPDZCoder: Combining Expert Knowledge with LLMs for Generating Privacy-Computing Code,"Privacy computing receives increasing attention but writing privacy computing code remains challenging for developers due to limited library functions, necessitating function implementation from scratch, and data-oblivious requirement, contradicting intuitive thinking and usual practices of programmers. Automating the generation of privacy computing code with Large Language Models can streamline development effort and lower the barrier to using privacy computing frameworks. However, existing LLMs still encounter challenges in code translation for privacy-preserving computation, such as translating Python to MP-SPDZ, due to the scarcity of MP-SPDZ data required for effective pre-training or fine-tuning. Moreover, the lack of a benchmark further complicates the evaluation of translation quality. To address the limitations, this work proposes SPDZCoder, a rule-based framework that combines LLMs with expert knowledge for generating privacy-computing code without requiring additional training data. Specifically, SPDZCoder employ a rigorous procedure for collecting high-quality expert knowledge to represent the semantic-expressing differences between Python and MP-SPDZ, and to derive transformation rules for translating Python to MP-SPDZ based on these knowledge. Then, SPDZCoder progressively converts Python code into MP-SPDZ code using transformation rules in a three stage pipeline. To evaluate SPDZCoder, we manually constructed a benchmark dataset, SPDZEval, which comprises six data splits, each representing a distinct class of challenging tasks in MP-SPDZ implementation. Extensive experiments show that SPDZCoder achieves superior performance, significantly surpassing baselines in pass@1 and pass@2. Specifically, SPDZCoder attains an overall correctness of 85.94% and 92.01% in pass@1 and pass@2, respectively, whereas the best-performing baseline achieves 63.58% and 76.36%, respectively."
